Workbook

Sheet Applications
A1: Job Title | B1: Company Name | C1: Link | D1: Location | E1: Current Status | F1: Response Status | G1: Follow Ups | H1: Date Applied | I1: Week Start (Mon) | J1: Month Start | K1: Notes | L1: Follow-Up Date
A2: AI Transformation Lead | B2: Randstand | C2: https://www.randstad.ca/jobs/ai-transformation-lead_saint-laurent_46368926/ | D2: Canada | E2: Applied | F2: No response | G2: No | H2: 46049 | I2: =IF($H2="","",$H2-WEEKDAY($H2,2)+1) -> 46048 | J2: =IF($H2="","",DATE(YEAR($H2),MONTH($H2),1)) -> 46023
A3: Incident Response Analyst | B3: Cisco | C3: https://careers.cisco.com/global/en/job/1449677/Incident-Response-Analyst | D3: Costa Rica | E3: Applied | F3: Rejected | G3: No | H3: 46027 | I3: =IF($H3="","",$H3-WEEKDAY($H3,2)+1) -> 46027 | J3: =IF($H3="","",DATE(YEAR($H3),MONTH($H3),1)) -> 46023
A4: AI Hub Campaign & Knowledge Analyst | B4: UNDP | C4: https://estm.fa.em2.oraclecloud.com/hcmUI/CandidateExperience/en/sites/CX_1/job/30896 | D4: Italy | E4: Applied | F4: No response | G4: No | H4: 46048 | I4: =IF($H4="","",$H4-WEEKDAY($H4,2)+1) -> 46048 | J4: =IF($H4="","",DATE(YEAR($H4),MONTH($H4),1)) -> 46023
A5: Application Developer/Analyst | B5: Gov't of NS | C5: https://jobs.novascotia.ca/job/HALIFAX-Application-DeveloperAnalyst-%28Computer-Services-Officer-1%28A%29-%28B%29-2%28A%29-%28C%29%29-NS-B3J-1M7/598531217/ | D5: Canada | E5: Applied | F5: No response | G5: Yes | H5: 46028 | I5: =IF($H5="","",$H5-WEEKDAY($H5,2)+1) -> 46027 | J5: =IF($H5="","",DATE(YEAR($H5),MONTH($H5),1)) -> 46023 | K5: Reached out to HR on linkedIn | L5: 46041
A6: Application Support - Java skills - Associate | B6: Hexaware | C6: https://fa-etqo-saasfaprod1.fa.ocs.oraclecloud.com/hcmUI/CandidateExperience/en/sites/CX_1/job/589735 | D6: US | E6: Applied | F6: No response | G6: No | H6: 46034 | I6: =IF($H6="","",$H6-WEEKDAY($H6,2)+1) -> 46034 | J6: =IF($H6="","",DATE(YEAR($H6),MONTH($H6),1)) -> 46023
A7: Application Support Analyst | B7: RBC | C7: https://jobs.rbc.com/ca/en/job/R-0000154313/Application-Support-Analyst | D7: Canada | E7: Applied | F7: No response | G7: No | H7: 46042 | I7: =IF($H7="","",$H7-WEEKDAY($H7,2)+1) -> 46041 | J7: =IF($H7="","",DATE(YEAR($H7),MONTH($H7),1)) -> 46023
A8: artificial intelligence (AI) designer | B8: Canadian Career Education College | C8: https://www.jobbank.gc.ca/jobsearch/jobposting/48380180 | D8: Canada | E8: Applied | F8: No response | G8: No | H8: 46044 | I8: =IF($H8="","",$H8-WEEKDAY($H8,2)+1) -> 46041 | J8: =IF($H8="","",DATE(YEAR($H8),MONTH($H8),1)) -> 46023
A9: Associate Specialist Service Operations (Service Desk) | B9: SITA | C9: https://careers-sita.icims.com/jobs/10094/associate-specialist-service-operations-%28service-desk%29/job?mode=submit_apply | D9: Canada | E9: Applied | F9: No response | G9: No | H9: 46044 | I9: =IF($H9="","",$H9-WEEKDAY($H9,2)+1) -> 46041 | J9: =IF($H9="","",DATE(YEAR($H9),MONTH($H9),1)) -> 46023
A10: Associate, UI/UX Designer | B10: BMO | C10: https://bmo.wd3.myworkdayjobs.com/en-US/External/job/Toronto-ON-CAN/Associate--UX-Lead_R250030947 | D10: Canada | E10: Applied | F10: No response | G10: No | H10: 46041 | I10: =IF($H10="","",$H10-WEEKDAY($H10,2)+1) -> 46041 | J10: =IF($H10="","",DATE(YEAR($H10),MONTH($H10),1)) -> 46023
A11: Automation Tester | B11: Expedite Talent Solutions | C11: https://www2.jobdiva.com/portal/?a=p9jdnwkqidcv6v7kl3s2jz2ipcslzc03cdv6u87hp8h64yiv0s2m7ylo90bxdjp7&SearchString=&StatesString=&source=linkedin.com&id=26462648&compid=-1#/jobs/26462648?jobtitle=Automation+Tester | D11: Canada | E11: Applied | F11: No response | G11: No | H11: 46038 | I11: =IF($H11="","",$H11-WEEKDAY($H11,2)+1) -> 46034 | J11: =IF($H11="","",DATE(YEAR($H11),MONTH($H11),1)) -> 46023
A12: Business Analyst - Intermediate | B12: Randstand | C12: https://www.randstad.ca/jobs/business-analyst-intermediate_toronto_46367020/ | D12: Canada | E12: Applied | F12: No response | G12: No | H12: 46048 | I12: =IF($H12="","",$H12-WEEKDAY($H12,2)+1) -> 46048 | J12: =IF($H12="","",DATE(YEAR($H12),MONTH($H12),1)) -> 46023
A13: Business Insights Analyst I | B13: TD | C13: https://td.wd3.myworkdayjobs.com/en-US/TD_Bank_Careers/job/Business-Insights-Analyst-I_R_1462465 | D13: Canada | E13: Applied | F13: No response | G13: No | H13: 46027 | I13: =IF($H13="","",$H13-WEEKDAY($H13,2)+1) -> 46027 | J13: =IF($H13="","",DATE(YEAR($H13),MONTH($H13),1)) -> 46023
A14: Data Services. Developer Associate (Toronto, Ottawa or Montreal) | B14: IBM | C14: https://ibmglobal.avature.net/en_US/careers/JobDetail?jobId=84810&source=WEB_Search_NA | D14: Canada | E14: Applied | F14: Rejected | G14: No | H14: 46028 | I14: =IF($H14="","",$H14-WEEKDAY($H14,2)+1) -> 46027 | J14: =IF($H14="","",DATE(YEAR($H14),MONTH($H14),1)) -> 46023
A15: Business Insights Analyst II | B15: TD | C15: https://td.wd3.myworkdayjobs.com/en-US/TD_Bank_Careers/job/Business-Insights-Analyst-II_R_1452498 | D15: Canada | E15: Applied | F15: No response | G15: No | H15: 46027 | I15: =IF($H15="","",$H15-WEEKDAY($H15,2)+1) -> 46027 | J15: =IF($H15="","",DATE(YEAR($H15),MONTH($H15),1)) -> 46023
A16: Business systems analyst | B16: Ecco Heating Products Ltd | C16: https://www.jobbank.gc.ca/jobsearch/favourites/jobposting/48157969 | D16: Canada | E16: Applied | F16: No response | G16: Yes | H16: 46050 | I16: =IF($H16="","",$H16-WEEKDAY($H16,2)+1) -> 46048 | J16: =IF($H16="","",DATE(YEAR($H16),MONTH($H16),1)) -> 46023 | K16: Sent a message to the company page on LinkedIn | L16: 46063
A17: CA-Specialist: Full-Time, Part-Time, and Part-Time Temporary role | B17: Apple | C17: https://jobs.apple.com/en-us/details/114438004/CA-Specialist-Full-Time,-Part-Time,-and-Part-Time-Temporary | D17: Canada | E17: Applied | F17: No response | G17: No | H17: 46028 | I17: =IF($H17="","",$H17-WEEKDAY($H17,2)+1) -> 46027 | J17: =IF($H17="","",DATE(YEAR($H17),MONTH($H17),1)) -> 46023
A18: Technical Support Specialist | B18: Koch | C18: https://koch.avature.net/en_US/careers/JobDetail/177798?src=LinkedIn&source=LinkedIn# | D18: US | E18: Applied | F18: Rejected | G18: No | H18: 46034 | I18: =IF($H18="","",$H18-WEEKDAY($H18,2)+1) -> 46034 | J18: =IF($H18="","",DATE(YEAR($H18),MONTH($H18),1)) -> 46023
A19: AI & Automation Data Scientist Intern | B19: IBM | C19: https://careers.ibm.com/en_US/careers/JobDetail?jobId=86185&source=External+Career+Site&tags=&user=&formValues= | D19: Canada | E19: Applied | F19: Rejected | G19: No | H19: 46037 | I19: =IF($H19="","",$H19-WEEKDAY($H19,2)+1) -> 46034 | J19: =IF($H19="","",DATE(YEAR($H19),MONTH($H19),1)) -> 46023
A20: AI Specialist – Entry Level Sales Program 2026 | B20: IBM | C20: https://careers.ibm.com/en_US/careers/JobDetail?jobId=61743&source=WEB_Leadrouting&tags=&user=&formValues= | D20: Canada | E20: Applied | F20: Rejected | G20: No | H20: 46037 | I20: =IF($H20="","",$H20-WEEKDAY($H20,2)+1) -> 46034 | J20: =IF($H20="","",DATE(YEAR($H20),MONTH($H20),1)) -> 46023
A21: Graduate Recruitment Opportunities | B21: Manulife | C21: https://careers.manulife.com/global/en/job/JR25100795/Graduate-Recruitment-Opportunities-GRO-Technology | D21: Canada | E21: Applied | F21: Rejected | G21: No | H21: 46038 | I21: =IF($H21="","",$H21-WEEKDAY($H21,2)+1) -> 46034 | J21: =IF($H21="","",DATE(YEAR($H21),MONTH($H21),1)) -> 46023
A22: Census Enumerator | B22: Gov't of Canada | C22: https://www.census.gc.ca/en/jobs?utm_source=regional-admail-wave-3&utm_medium=qrc&utm_campaign=statcan-statcan-regional-comms-recruitment-25-26&utm_content=general-recruitment-en | D22: Canada | E22: Applied | F22: No response | G22: No | H22: 46044 | I22: =IF($H22="","",$H22-WEEKDAY($H22,2)+1) -> 46041 | J22: =IF($H22="","",DATE(YEAR($H22),MONTH($H22),1)) -> 46023
A23: Automobile carrier driver | B23: East Can Transport Services Ltd. | C23: https://www.jobbank.gc.ca/jobsearch/directapply/48191896 | D23: Canada | E23: Applied | F23: Rejected | G23: No | H23: 46038 | I23: =IF($H23="","",$H23-WEEKDAY($H23,2)+1) -> 46034 | J23: =IF($H23="","",DATE(YEAR($H23),MONTH($H23),1)) -> 46023
A24: Computer technician | B24: Uniway computers | C24: https://www.jobbank.gc.ca/jobsearch/jobposting/48124798?source=searchresults | D24: Canada | E24: Applied | F24: No response | G24: No | H24: 46042 | I24: =IF($H24="","",$H24-WEEKDAY($H24,2)+1) -> 46041 | J24: =IF($H24="","",DATE(YEAR($H24),MONTH($H24),1)) -> 46023
A25: Customer Engineer | B25: Through a recruiting comopany called Hays | C25: https://www.hays.ca/job-detail/customer-engineer--oakville_1123132?q=&location=&applyId=JOB_5369759&jobSource=HaysGCJ&isSponsored=N&specialismId=&subSpecialismId=&jobName=projects%2Fmineral-balm-174308%2Ftenants%2Fab5d683d-f9a5-4b85-bfe0-eb74881e24cf%2Fjobs%2F122347838238532294 | D25: Canada | E25: Applied | F25: No response | G25: No | H25: 46048 | I25: =IF($H25="","",$H25-WEEKDAY($H25,2)+1) -> 46048 | J25: =IF($H25="","",DATE(YEAR($H25),MONTH($H25),1)) -> 46023
A26: Data Analyst | B26: CI Financial | C26: https://careers.cifinancial.com/jobs/16916545-data-analyst | D26: Canada | E26: Applied | F26: No response | G26: No | H26: 46044 | I26: =IF($H26="","",$H26-WEEKDAY($H26,2)+1) -> 46041 | J26: =IF($H26="","",DATE(YEAR($H26),MONTH($H26),1)) -> 46023
A27: Data Scientist | B27: RBC | C27: https://jobs.rbc.com/ca/en/job/R-0000152479/Data-Scientist-Halifax | D27: Canada | E27: Applied | F27: No response | G27: No | H27: 46028 | I27: =IF($H27="","",$H27-WEEKDAY($H27,2)+1) -> 46027 | J27: =IF($H27="","",DATE(YEAR($H27),MONTH($H27),1)) -> 46023
A28: Digital Data Analyst | B28: MarTech | C28: https://jobs.dayforcehcm.com/en-CA/makeawishca/CANDIDATEPORTAL/jobs/1343 | D28: Canada | E28: Applied | F28: No response | G28: No | H28: 46041 | I28: =IF($H28="","",$H28-WEEKDAY($H28,2)+1) -> 46041 | J28: =IF($H28="","",DATE(YEAR($H28),MONTH($H28),1)) -> 46023 | K28: confirmation number is 2VQ4zXJE
A29: Frontend Developer (Contract) | B29: AG Business Advisory | C29: patrick@agbusinessadvisory.com www.agbusinessadvisory.com | D29: Canada | E29: Applied | F29: No response | G29: No | H29: 46028 | I29: =IF($H29="","",$H29-WEEKDAY($H29,2)+1) -> 46027 | J29: =IF($H29="","",DATE(YEAR($H29),MONTH($H29),1)) -> 46023
A30: Software Developer, Summer 2026 (Co-op/Internship) - 12 Months | B30: BMO | C30: https://bmo.wd3.myworkdayjobs.com/en-US/External/job/Software-Developer--Summer-2026--Co-op-Internship----12-Months_R260000043-1 | D30: Canada | E30: Applied | F30: Rejected | G30: No | H30: 46041 | I30: =IF($H30="","",$H30-WEEKDAY($H30,2)+1) -> 46041 | J30: =IF($H30="","",DATE(YEAR($H30),MONTH($H30),1)) -> 46023
A31: information technology (IT) director | B31: City of Burnaby | C31: https://www.jobbank.gc.ca/jobsearch/jobposting/48407632?source=searchresults | D31: Canada | E31: Applied | F31: No response | G31: No | H31: 46051 | I31: =IF($H31="","",$H31-WEEKDAY($H31,2)+1) -> 46048 | J31: =IF($H31="","",DATE(YEAR($H31),MONTH($H31),1)) -> 46023
A32: Analyst, IT Quality Assurance | B32: CIBC | C32: https://cibc.wd3.myworkdayjobs.com/en-US/search/job/Toronto-ON/Analyst--IT-Quality-Assurance_2529251?q=%27digital+OR+technology%27&Country=a30a87ed25634629aa6c3958aa2b91ea&jobFamilyGroup=4bbe6c74e8a7011e314d36a881013310&jobFamilyGroup=4bbe6c74e8a70126f29430a881012510&jobFamilyGroup=4bbe6c74e8a7011c6e1c34a881012d10&jobFamilyGroup=4bbe6c74e8a701e2782e2da881011b10 | D32: Canada | E32: Applied | F32: Rejected | G32: No | H32: 46042 | I32: =IF($H32="","",$H32-WEEKDAY($H32,2)+1) -> 46041 | J32: =IF($H32="","",DATE(YEAR($H32),MONTH($H32),1)) -> 46023
A33: Consultant, IT Quality Assurance | B33: CIBC | C33: https://cibc.wd3.myworkdayjobs.com/en-US/search/job/Toronto-ON/Consultant--IT-Quality-Assurance_2600940?q=%27digital+OR+technology%27&Country=a30a87ed25634629aa6c3958aa2b91ea&jobFamilyGroup=4bbe6c74e8a7011e314d36a881013310&jobFamilyGroup=4bbe6c74e8a70126f29430a881012510&jobFamilyGroup=4bbe6c74e8a7011c6e1c34a881012d10&jobFamilyGroup=4bbe6c74e8a701e2782e2da881011b10 | D33: Canada | E33: Applied | F33: Rejected | G33: No | H33: 46042 | I33: =IF($H33="","",$H33-WEEKDAY($H33,2)+1) -> 46041 | J33: =IF($H33="","",DATE(YEAR($H33),MONTH($H33),1)) -> 46023
A34: information technology (IT) project manager | B34: EduCoach Consultants Inc. | C34: https://www.jobbank.gc.ca/jobsearch/favourites/jobposting/48310782 | D34: Canada | E34: Applied | F34: No response | G34: No | H34: 46042 | I34: =IF($H34="","",$H34-WEEKDAY($H34,2)+1) -> 46041 | J34: =IF($H34="","",DATE(YEAR($H34),MONTH($H34),1)) -> 46023
A35: instructional designer | B35: Team Recruitment | C35: https://www.jobbank.gc.ca/jobsearch/jobposting/48101221?source=searchresults | D35: Canada | E35: Applied | F35: No response | G35: Yes | H35: 46038 | I35: =IF($H35="","",$H35-WEEKDAY($H35,2)+1) -> 46034 | J35: =IF($H35="","",DATE(YEAR($H35),MONTH($H35),1)) -> 46023 | K35: Applied through emailing hr@teamrecruiter.com
A36: IT Help Desk Specialist | B36: SB & Company LLC | C36: https://www.paycomonline.net/v4/ats/web.php/portal/4FC6CE92B3BAE50ED87DF1496EDDBC6E/jobs/348519 | D36: US | E36: Applied | F36: No response | G36: No | H36: 46048 | I36: =IF($H36="","",$H36-WEEKDAY($H36,2)+1) -> 46048 | J36: =IF($H36="","",DATE(YEAR($H36),MONTH($H36),1)) -> 46023
A37: IT Operations Analyst III | B37: TD | C37: https://td.wd3.myworkdayjobs.com/en-US/TD_Bank_Careers/job/IT-Operations-Analyst-III_R_1450362 | D37: Canada | E37: Applied | F37: No response | G37: Yes | H37: 46027 | I37: =IF($H37="","",$H37-WEEKDAY($H37,2)+1) -> 46027 | J37: =IF($H37="","",DATE(YEAR($H37),MONTH($H37),1)) -> 46023 | K37: Sent follow up message on Jan 13 | L37: 46035
A38: IT Operations Specialist | B38: Waste Solutions Canada | C38: https://workforcenow.adp.com/mascsr/default/mdf/recruitment/recruitment.html?cid=38cbb708-0ab7-441d-b4a6-32a4800bf98c&ccId=19000101_000001&lang=en_CA&jobId=523850 | D38: Canada | E38: Applied | F38: No response | G38: No | H38: 46049 | I38: =IF($H38="","",$H38-WEEKDAY($H38,2)+1) -> 46048 | J38: =IF($H38="","",DATE(YEAR($H38),MONTH($H38),1)) -> 46023
A39: IT Technician | B39: Hitech Communications LTD | C39: Indeed | D39: Canada | E39: Applied | F39: No response | G39: No | H39: 46051 | I39: =IF($H39="","",$H39-WEEKDAY($H39,2)+1) -> 46048 | J39: =IF($H39="","",DATE(YEAR($H39),MONTH($H39),1)) -> 46023
A40: ITC - First Level Helpdesk Support | B40: City of Brandon | C40: https://jobs.dayforcehcm.com/en-US/brandon/COB/jobs/1188 | D40: Canada | E40: Applied | F40: No response | G40: No | H40: 46042 | I40: =IF($H40="","",$H40-WEEKDAY($H40,2)+1) -> 46041 | J40: =IF($H40="","",DATE(YEAR($H40),MONTH($H40),1)) -> 46023
A41: Junior QA Specialist | B41: Mako | C41: Indeed | D41: Canada | E41: Applied | F41: No response | G41: No | H41: 46051 | I41: =IF($H41="","",$H41-WEEKDAY($H41,2)+1) -> 46048 | J41: =IF($H41="","",DATE(YEAR($H41),MONTH($H41),1)) -> 46023
A42: Manufacturing Test Developer | B42: Ross Video | C42: https://www.linkedin.com/jobs/view/4364211029/ | D42: Canada | E42: Applied | F42: No response | G42: No | H42: 46041 | I42: =IF($H42="","",$H42-WEEKDAY($H42,2)+1) -> 46041 | J42: =IF($H42="","",DATE(YEAR($H42),MONTH($H42),1)) -> 46023
A43: PART-TIME DATA CONTRACTOR | B43: Allow.ai | C43: https://jobs.lever.co/alloy/a22f91d4-373e-4a8a-b19a-b607411d20bb | D43: Canada | E43: Applied | F43: No response | G43: No | H43: 46041 | I43: =IF($H43="","",$H43-WEEKDAY($H43,2)+1) -> 46041 | J43: =IF($H43="","",DATE(YEAR($H43),MONTH($H43),1)) -> 46023
A44: Product Design Intern | B44: Stripe | C44: https://www.opendoorscareers.com/jobs/product-design-intern-stripe | D44: Canada | E44: Applied | F44: No response | H44: 46028 | I44: =IF($H44="","",$H44-WEEKDAY($H44,2)+1) -> 46027 | J44: =IF($H44="","",DATE(YEAR($H44),MONTH($H44),1)) -> 46023
A45: AI Software Engineer | B45: Fever | C45: https://careers.feverup.com/fr/jobs/4551447101/ai-software-engineer/ | D45: Spain | E45: Applied | F45: Rejected | G45: No | H45: 46048 | I45: =IF($H45="","",$H45-WEEKDAY($H45,2)+1) -> 46048 | J45: =IF($H45="","",DATE(YEAR($H45),MONTH($H45),1)) -> 46023
A46: AI & Automation Analyst | B46: Fever | C46: https://careers.feverup.com/fr/jobs/4761466101/ai-automation-analyst/ | D46: Spain | E46: Applied | F46: Interview | G46: No | H46: 46048 | I46: =IF($H46="","",$H46-WEEKDAY($H46,2)+1) -> 46048 | J46: =IF($H46="","",DATE(YEAR($H46),MONTH($H46),1)) -> 46023 | K46: Got rejected
A47: Quality Assurance Specialist | B47: BMO | C47: https://bmo.wd3.myworkdayjobs.com/en-US/External/job/Toronto-ON-CAN/Quality-Assurance-Specialist_R250032292?source=Social_Linkedin | D47: Canada | E47: Applied | F47: No response | G47: No | H47: 46041 | I47: =IF($H47="","",$H47-WEEKDAY($H47,2)+1) -> 46041 | J47: =IF($H47="","",DATE(YEAR($H47),MONTH($H47),1)) -> 46023
A48: Software Developer | B48: Konrad | C48: https://www.konrad.com/careers/job/software-developer-entry-level_5893240003 | D48: Canada | E48: Applied | F48: No response | G48: Yes | H48: 46034 | I48: =IF($H48="","",$H48-WEEKDAY($H48,2)+1) -> 46034 | J48: =IF($H48="","",DATE(YEAR($H48),MONTH($H48),1)) -> 46023 | K48: Follow up message scheduled to send on Wed at 17:00 | L48: 46036
A49: Software Engineer II | B49: TD | C49: https://td.wd3.myworkdayjobs.com/en-US/TD_Bank_Careers/job/Software-Engineer-II_R_1461269 | D49: Canada | E49: Applied | F49: No response | G49: No | H49: 46027 | I49: =IF($H49="","",$H49-WEEKDAY($H49,2)+1) -> 46027 | J49: =IF($H49="","",DATE(YEAR($H49),MONTH($H49),1)) -> 46023
A50: Software Support Specialist | B50: The Reynolds and Reynolds Company | C50: https://www.linkedin.com/jobs/view/4321231879/?refId=4a3152df-c8c7-402c-bd91-ae49a78b35cd&trackingId=d8iTJSyOQgCA1XOXYPaXMw%3D%3D&trk=flagship3_job_home_appliedjobs&lipi=urn%3Ali%3Apage%3Ad_flagship3_myitems_savedjobs%3Bsxm9Gs0iQNWzz3%2Bt%2FRdwuQ%3D%3D | D50: US | E50: Applied | F50: No response | G50: No | H50: 46034 | I50: =IF($H50="","",$H50-WEEKDAY($H50,2)+1) -> 46034 | J50: =IF($H50="","",DATE(YEAR($H50),MONTH($H50),1)) -> 46023
A51: Data Analyst I - Customer Service | B51: Booking.com | C51: https://jobs.booking.com/booking/jobs/27815?lang=en-us&iis=Job+Board&iisn=Linkedin | D51: Netherlands | E51: Applied | F51: Rejected | G51: No | H51: 46049 | I51: =IF($H51="","",$H51-WEEKDAY($H51,2)+1) -> 46048 | J51: =IF($H51="","",DATE(YEAR($H51),MONTH($H51),1)) -> 46023
A52: Credit Risk Data Analyst | B52: Booking.com | C52: https://jobs.booking.com/booking/jobs/27699?lang=en-us | D52: Netherlands | E52: Applied | F52: Rejected | G52: No | H52: 46049 | I52: =IF($H52="","",$H52-WEEKDAY($H52,2)+1) -> 46048 | J52: =IF($H52="","",DATE(YEAR($H52),MONTH($H52),1)) -> 46023
A53: Support Analyst | B53: RBC | C53: https://jobs.rbc.com/ca/en/job/R-0000150687/Support-Analyst | D53: Canada | E53: Applied | F53: No response | G53: Yes | H53: 46028 | I53: =IF($H53="","",$H53-WEEKDAY($H53,2)+1) -> 46027 | J53: =IF($H53="","",DATE(YEAR($H53),MONTH($H53),1)) -> 46023 | K53: Sent follow up message on Jan 13 | L53: 46035
A54: Operations Lead | B54: Nutrien | C54: https://jobs.nutrien.com/North-America/job/Penhold-Operations-Lead-AB-T0M-1R0/599263517/ | D54: Canada | E54: Applied | F54: Rejected | G54: No | H54: 46049 | I54: =IF($H54="","",$H54-WEEKDAY($H54,2)+1) -> 46048 | J54: =IF($H54="","",DATE(YEAR($H54),MONTH($H54),1)) -> 46023
A55: Analyst | B55: Nutrien | C55: https://jobs.nutrien.com/North-America/job/Rocanville-Analyst%2C-IT%2C-Rocanville-SK-S0A-3L0/599082117/ | D55: Canada | E55: Applied | F55: Rejected | G55: No | H55: 46049 | I55: =IF($H55="","",$H55-WEEKDAY($H55,2)+1) -> 46048 | J55: =IF($H55="","",DATE(YEAR($H55),MONTH($H55),1)) -> 46023
A56: Systems testing technician | B56: Agilehive Inc | C56: https://www.jobbank.gc.ca/match/jobposting/3448830 | D56: Canada | E56: Applied | F56: No response | G56: Yes | H56: 46038 | I56: =IF($H56="","",$H56-WEEKDAY($H56,2)+1) -> 46034 | J56: =IF($H56="","",DATE(YEAR($H56),MONTH($H56),1)) -> 46023 | K56: Sent them a message on linkedIN, couldn't find someone | L56: 46041
A57: Technical Systems Analyst | B57: RBC | C57: https://rbc.wd3.myworkdayjobs.com/en-US/RBCGLOBAL1/job/Technical-Systems-Analyst_R-0000155207-1 | D57: Canada | E57: Applied | F57: No response | G57: No | H57: 46042 | I57: =IF($H57="","",$H57-WEEKDAY($H57,2)+1) -> 46041 | J57: =IF($H57="","",DATE(YEAR($H57),MONTH($H57),1)) -> 46023
A58: Service Desk Tier 1 Analyst | B58: Doane Grant Thorton | C58: https://phh.tbe.taleo.net/phh01/ats/careers/v2/viewRequisition?org=GRANTTHORNTON&cws=56&rid=11587&source=Indeed | D58: Canada | E58: Applied | F58: Interview | G58: No | H58: 46051 | I58: =IF($H58="","",$H58-WEEKDAY($H58,2)+1) -> 46048 | J58: =IF($H58="","",DATE(YEAR($H58),MONTH($H58),1)) -> 46023
A59: Technology Support Analyst | B59: CI Financial | C59: https://careers.cifinancial.com/jobs/16544165-technology-support-analyst?application_canceled=true | D59: Canada | E59: Applied | F59: No response | G59: No | H59: 46044 | I59: =IF($H59="","",$H59-WEEKDAY($H59,2)+1) -> 46041 | J59: =IF($H59="","",DATE(YEAR($H59),MONTH($H59),1)) -> 46023
A60: Junior Product Developer | B60: Traction | C60: https://tractionrec.bamboohr.com/careers/138 | D60: Canada | E60: Applied | F60: Rejected | G60: No | H60: 46051 | I60: =IF($H60="","",$H60-WEEKDAY($H60,2)+1) -> 46048 | J60: =IF($H60="","",DATE(YEAR($H60),MONTH($H60),1)) -> 46023
A61: User Experience I (Intern) | B61: Cisco | C61: https://careers.cisco.com/global/en/job/2003544/User-Experience-I-Intern-United-States | D61: US | E61: Applied | F61: No response | G61: No | H61: 46027 | I61: =IF($H61="","",$H61-WEEKDAY($H61,2)+1) -> 46027 | J61: =IF($H61="","",DATE(YEAR($H61),MONTH($H61),1)) -> 46023
A62: Software Engineer - New Grad | B62: Databricks | C62: https://www.databricks.com/company/careers/university-recruiting/software-engineer---new-grad-2026-start-6866542002 | D62: Canada | E62: Applied | F62: Rejected | H62: 46056 | I62: =IF($H62="","",$H62-WEEKDAY($H62,2)+1) -> 46055 | J62: =IF($H62="","",DATE(YEAR($H62),MONTH($H62),1)) -> 46054
A63: Software Engineer | B63: Snowflake | C63: https://careers.snowflake.com/us/en/job/SNCOUSDDEB79027A40473CB54460CE107B8EE3EXTERNALENUS9AA5AC83C68E4AF481CB536EC03B9CFA/Software-Engineer-Native-Apps | D63: Canada | E63: Applied | F63: Rejected | H63: 46056 | I63: =IF($H63="","",$H63-WEEKDAY($H63,2)+1) -> 46055 | J63: =IF($H63="","",DATE(YEAR($H63),MONTH($H63),1)) -> 46054
A64: Backend software enginner | B64: Snowflake | C64: https://careers.snowflake.com/us/en/job/SNCOUS31CB876803234C86A13DAF69242DA05AEXTERNALENUSCB895B7CC61B4A498001E70737681DCF/Backend-Software-Engineer-File-Based-Entities | D64: Canada | E64: Applied | F64: Rejected | H64: 46056 | I64: =IF($H64="","",$H64-WEEKDAY($H64,2)+1) -> 46055 | J64: =IF($H64="","",DATE(YEAR($H64),MONTH($H64),1)) -> 46054
A65: Workflow Consultant | B65: Clio | C65: https://clio.wd3.myworkdayjobs.com/en-US/ClioCareerSite/job/Toronto/Workflow-Consultant_BF-REQ-4086-1?source=LinkedIn | D65: Canada | E65: Applied | F65: Rejected | H65: 46056 | I65: =IF($H65="","",$H65-WEEKDAY($H65,2)+1) -> 46055 | J65: =IF($H65="","",DATE(YEAR($H65),MONTH($H65),1)) -> 46054
A66: Implementation Specialist | B66: Affirm | C66: https://www.linkedin.com/jobs/view/4367048077/ | D66: Canada | E66: Applied | G66: Yes | H66: 46056 | I66: =IF($H66="","",$H66-WEEKDAY($H66,2)+1) -> 46055 | J66: =IF($H66="","",DATE(YEAR($H66),MONTH($H66),1)) -> 46054 | K66: Sent email | L66: 46063
A67: Associate Product Support Specialist | B67: OpenText | C67: https://careers.opentext.com/us/en/job/50340/Associate-Product-Support-Specialist?referrerToken=1k1u0wm1my89y&utm_source=Referral+Form&utm_medium=referral&utm_campaign=quick-refer-jd | D67: Canada | E67: Applied | H67: 46056 | I67: =IF($H67="","",$H67-WEEKDAY($H67,2)+1) -> 46055 | J67: =IF($H67="","",DATE(YEAR($H67),MONTH($H67),1)) -> 46054
A68: NOC Administrator | B68: OpenText | C68: https://careers.opentext.com/us/en/job/50547/NOC-Administrator?referrerToken=uvhf3ge5keup&utm_source=Referral+Form&utm_medium=referral&utm_campaign=quick-refer-jd | D68: Canada | E68: Applied | H68: 46056 | I68: =IF($H68="","",$H68-WEEKDAY($H68,2)+1) -> 46055 | J68: =IF($H68="","",DATE(YEAR($H68),MONTH($H68),1)) -> 46054
A69: Customer Experience Consulting Associate | B69: IBM | C69: https://careers.ibm.com/en_US/careers/JobDetail?jobId=82185 | D69: Canada | E69: Applied | H69: 46062 | I69: =IF($H69="","",$H69-WEEKDAY($H69,2)+1) -> 46062 | J69: =IF($H69="","",DATE(YEAR($H69),MONTH($H69),1)) -> 46054
A70: information technology (IT) specialist | B70: Forest Computers | C70: https://www.jobbank.gc.ca/jobsearch/favourites/jobposting/48893995 | D70: Canada | E70: Applied | H70: 46062 | I70: =IF($H70="","",$H70-WEEKDAY($H70,2)+1) -> 46062 | J70: =IF($H70="","",DATE(YEAR($H70),MONTH($H70),1)) -> 46054
A71: Area Manager | B71: Amazon | C71: https://amazon.jobs/en/jobs/3048857/area-manager-2026-canada-recent-and-upcoming-graduates-jan1 | D71: Canada | E71: Applied | H71: 46062 | I71: =IF($H71="","",$H71-WEEKDAY($H71,2)+1) -> 46062 | J71: =IF($H71="","",DATE(YEAR($H71),MONTH($H71),1)) -> 46054
A72: Quality Assurance Analyst | B72: City of Calgary | C72: https://recruiting.calgary.ca/psc/hcm/EMPLOYEE/HRMS/c/HRS_HRAM_FL.HRS_CG_SEARCH_FL.GBL?Page=HRS_APP_SCHJOB_FL&Action=U& | D72: Canada | E72: Applied | H72: 46063 | I72: =IF($H72="","",$H72-WEEKDAY($H72,2)+1) -> 46062 | J72: =IF($H72="","",DATE(YEAR($H72),MONTH($H72),1)) -> 46054
A73: Marketing Data Analyst | B73: Welthungerhilfe | C73: https://career5.successfactors.eu/career?career_ns=job_listing&company=WelthungerP&career_job_req_id=13922&selected_lang=en_US | D73: Germany | E73: Applied | H73: 46063 | I73: =IF($H73="","",$H73-WEEKDAY($H73,2)+1) -> 46062 | J73: =IF($H73="","",DATE(YEAR($H73),MONTH($H73),1)) -> 46054
A74: Technical Support Analyst | B74: Cognito Inc | C74: https://www.linkedin.com/jobs/view/4371001225 | D74: Canada | E74: Applied | H74: 46063 | I74: =IF($H74="","",$H74-WEEKDAY($H74,2)+1) -> 46062 | J74: =IF($H74="","",DATE(YEAR($H74),MONTH($H74),1)) -> 46054
A75: Technical Support Representatives | B75: Sutherland | C75: https://jobs.smartrecruiters.com/Sutherland/744000108239849-technical-support-representatives?jr_id=698a56ff0f6f7e7a2ce57102 | D75: Canada | E75: Applied | F75: Rejected | H75: 46063 | I75: =IF($H75="","",$H75-WEEKDAY($H75,2)+1) -> 46062 | J75: =IF($H75="","",DATE(YEAR($H75),MONTH($H75),1)) -> 46054
A76: Associate Support Analyst | B76: Forta | C76: https://fortra.wd12.myworkdayjobs.com/FortraCareers/job/Canada/Associate-Support-Analyst_R26-0051?source=LinkedIn&jr_id=6983d5fd01214b4cdacbe8b2 | D76: Canada | E76: Applied | H76: 46063 | I76: =IF($H76="","",$H76-WEEKDAY($H76,2)+1) -> 46062 | J76: =IF($H76="","",DATE(YEAR($H76),MONTH($H76),1)) -> 46054
A77: Technical Systems Analyst | B77: RBC | C77: https://jobs.rbc.com/ca/en/apply?jobSeqNo=RBCAA0088R0000155207EXTERNALENCA&utm_source=jobright&utm_medium=phenom-feeds&utm_campaign=jobright&step=1&stepname=personalInformation | D77: Canadaa | I77: =IF($H77="","",$H77-WEEKDAY($H77,2)+1) | J77: =IF($H77="","",DATE(YEAR($H77),MONTH($H77),1))
I78: =IF($H78="","",$H78-WEEKDAY($H78,2)+1) | J78: =IF($H78="","",DATE(YEAR($H78),MONTH($H78),1))
I79: =IF($H79="","",$H79-WEEKDAY($H79,2)+1) | J79: =IF($H79="","",DATE(YEAR($H79),MONTH($H79),1))
I80: =IF($H80="","",$H80-WEEKDAY($H80,2)+1) | J80: =IF($H80="","",DATE(YEAR($H80),MONTH($H80),1))
I81: =IF($H81="","",$H81-WEEKDAY($H81,2)+1) | J81: =IF($H81="","",DATE(YEAR($H81),MONTH($H81),1))
I82: =IF($H82="","",$H82-WEEKDAY($H82,2)+1) | J82: =IF($H82="","",DATE(YEAR($H82),MONTH($H82),1))
I83: =IF($H83="","",$H83-WEEKDAY($H83,2)+1) | J83: =IF($H83="","",DATE(YEAR($H83),MONTH($H83),1))
I84: =IF($H84="","",$H84-WEEKDAY($H84,2)+1) | J84: =IF($H84="","",DATE(YEAR($H84),MONTH($H84),1))
I85: =IF($H85="","",$H85-WEEKDAY($H85,2)+1) | J85: =IF($H85="","",DATE(YEAR($H85),MONTH($H85),1))
I86: =IF($H86="","",$H86-WEEKDAY($H86,2)+1) | J86: =IF($H86="","",DATE(YEAR($H86),MONTH($H86),1))
I87: =IF($H87="","",$H87-WEEKDAY($H87,2)+1) | J87: =IF($H87="","",DATE(YEAR($H87),MONTH($H87),1))
I88: =IF($H88="","",$H88-WEEKDAY($H88,2)+1) | J88: =IF($H88="","",DATE(YEAR($H88),MONTH($H88),1))
I89: =IF($H89="","",$H89-WEEKDAY($H89,2)+1) | J89: =IF($H89="","",DATE(YEAR($H89),MONTH($H89),1))
... I501: =IF($H501="","",$H501-WEEKDAY($H501,2)+1) | J501: =IF($H501="","",DATE(YEAR($H501),MONTH($H501),1))
A502: Quick Start: | I502: =IF($H502="","",$H502-WEEKDAY($H502,2)+1) | J502: =IF($H502="","",DATE(YEAR($H502),MONTH($H502),1))
A503: 1) Add one application per row (Job Title, Company, Link, etc.). | I503: =IF($H503="","",$H503-WEEKDAY($H503,2)+1) | J503: =IF($H503="","",DATE(YEAR($H503),MONTH($H503),1))
A504: 2) Set Current Status / Response Status from the dropdowns. | I504: =IF($H504="","",$H504-WEEKDAY($H504,2)+1) | J504: =IF($H504="","",DATE(YEAR($H504),MONTH($H504),1))
A505: 3) Enter Date Applied — Dashboard updates automatically. | I505: =IF($H505="","",$H505-WEEKDAY($H505,2)+1) | J505: =IF($H505="","",DATE(YEAR($H505),MONTH($H505),1))

Sheet Dashboard
A1: Job Application Tracker — Dashboard
A3: Total Applications | B3: =COUNTA(Applications!$H$2:$H$500) -> 75 | D3: This Week | E3: =COUNTIF(Applications!$I$2:$I$500,TODAY()-WEEKDAY(TODAY(),2)+1) -> 8 | G3: This Month | H3: =COUNTIF(Applications!$J$2:$J$500,DATE(YEAR(TODAY()),MONTH(TODAY()),1)) -> 15
A5: Counts by Current Status | D5: Weekly Applications | G5: Monthly Applications
A6: Status | B6: Count | D6: Week Start | E6: Count | G6: Month | H6: Count
A7: Applied | B7: =COUNTIF(Applications!$E$2:$E$500,A7) -> 75 | D7: 46020 | E7: 0 | G7: =Stats!D2 -> 46023 | H7: =Stats!E2 -> 60
A8: Interview | B8: =COUNTIF(Applications!$F$2:$F$500,A8) -> 2 | D8: 46027 | E8: =COUNTIF(Applications!$I$2:$I$500,D8) -> 13 | G8: =Stats!D3 -> 46054 | H8: =Stats!E3 -> 15
A9: Offer | B9: =COUNTIF(Applications!$E$2:$E$500,A9) -> 0 | D9: 46034 | E9: =COUNTIF(Applications!$I$2:$I$500,D9) -> 11 | G9: =Stats!D4 -> 46082 | H9: =Stats!E4 -> 0
A10: Rejected | B10: =B16 -> 21 | D10: 46041 | E10: =COUNTIF(Applications!$I$2:$I$500,D10) -> 18 | G10: =Stats!D5 -> 46113 | H10: =Stats!E5 -> 0
A11: No Response | B11: =COUNTIF(Applications!$F$2:$F$500,A11) -> 42 | D11: 46048 | E11: =COUNTIF(Applications!$I$2:$I$500,D11) -> 18 | G11: =Stats!D6 -> 46143 | H11: =Stats!E6 -> 0
A12: Withdrawn | B12: =COUNTIF(Applications!$F$2:$F$500,A12) -> 0 | D12: 46055 | E12: =COUNTIF(Applications!$I$2:$I$500,D12) -> 7 | G12: =Stats!D7 -> 46174 | H12: =Stats!E7 -> 0
D13: 46062 | E13: =COUNTIF(Applications!$I$2:$I$500,D13) -> 8 | G13: =Stats!D8 -> 46204 | H13: =Stats!E8 -> 0
D14: 46069 | E14: =COUNTIF(Applications!$I$2:$I$500,D14) -> 0 | G14: =Stats!D9 -> 46235 | H14: =Stats!E9 -> 0
D15: 46076 | E15: =COUNTIF(Applications!$I$2:$I$500,D15) -> 0 | G15: =Stats!D10 -> 46266 | H15: =Stats!E10 -> 0
A16: Total Rejections | B16: =COUNTIF(Applications!$F$2:$F$500,"Rejected") -> 21 | D16: 46083 | E16: =COUNTIF(Applications!$I$2:$I$500,D16) -> 0 | G16: =Stats!D11 -> 46296 | H16: =Stats!E11 -> 0
D17: 46090 | E17: =COUNTIF(Applications!$I$2:$I$500,D17) -> 0 | G17: =Stats!D12 -> 46327 | H17: =Stats!E12 -> 0
D18: 46097 | E18: =COUNTIF(Applications!$I$2:$I$500,D18) -> 0 | G18: =Stats!D13 -> 46357 | H18: =Stats!E13 -> 0
D19: 46104 | E19: =COUNTIF(Applications!$I$2:$I$500,D19) -> 0
A20: Total follow ups | B20: =COUNTIF(Applications!$G$2:$G$500,"Yes") -> 8 | D20: 46111 | E20: =COUNTIF(Applications!$I$2:$I$500,D20) -> 0
A21: Haven't followed up | B21: =COUNTIF(Applications!$G$2:$G$500,"No") -> 52 | D21: 46118 | E21: =COUNTIF(Applications!$I$2:$I$500,D21) -> 0
D22: 46125 | E22: =COUNTIF(Applications!$I$2:$I$500,D22) -> 0
D23: 46132 | E23: =COUNTIF(Applications!$I$2:$I$500,D23) -> 0
D24: 46139 | E24: =COUNTIF(Applications!$I$2:$I$500,D24) -> 0
D25: 46146 | E25: =COUNTIF(Applications!$I$2:$I$500,D25) -> 0
D26: 46153 | E26: =COUNTIF(Applications!$I$2:$I$500,D26) -> 0
D27: 46160 | E27: =COUNTIF(Applications!$I$2:$I$500,D27) -> 0
D28: 46167 | E28: =COUNTIF(Applications!$I$2:$I$500,D28) -> 0
D29: 46174 | E29: =COUNTIF(Applications!$I$2:$I$500,D29) -> 0
D30: 46181 | E30: =COUNTIF(Applications!$I$2:$I$500,D30) -> 0
D31: 46188 | E31: =COUNTIF(Applications!$I$2:$I$500,D31) -> 0
D32: 46195 | E32: =COUNTIF(Applications!$I$2:$I$500,D32) -> 0

Sheet Stats
A1: Week Start | B1: Applications | D1: Month Start | E1: Applications
A2: 46027 | B2: =COUNTIF(Applications!$I$2:$I$500,A2) -> 13 | D2: 46023 | E2: =COUNTIF(Applications!$J$2:$J$500,D2) -> 60
A3: 46034 | B3: =COUNTIF(Applications!$I$2:$I$500,A3) -> 11 | D3: 46054 | E3: =COUNTIF(Applications!$J$2:$J$500,D3) -> 15
A4: 46041 | B4: =COUNTIF(Applications!$I$2:$I$500,A4) -> 18 | D4: 46082 | E4: =COUNTIF(Applications!$J$2:$J$500,D4) -> 0
A5: 46048 | B5: =COUNTIF(Applications!$I$2:$I$500,A5) -> 18 | D5: 46113 | E5: =COUNTIF(Applications!$J$2:$J$500,D5) -> 0
A6: 46055 | B6: =COUNTIF(Applications!$I$2:$I$500,A6) -> 7 | D6: 46143 | E6: =COUNTIF(Applications!$J$2:$J$500,D6) -> 0
A7: 46062 | B7: =COUNTIF(Applications!$I$2:$I$500,A7) -> 8 | D7: 46174 | E7: =COUNTIF(Applications!$J$2:$J$500,D7) -> 0
A8: 46069 | B8: =COUNTIF(Applications!$I$2:$I$500,A8) -> 0 | D8: 46204 | E8: =COUNTIF(Applications!$J$2:$J$500,D8) -> 0
A9: 46076 | B9: =COUNTIF(Applications!$I$2:$I$500,A9) -> 0 | D9: 46235 | E9: =COUNTIF(Applications!$J$2:$J$500,D9) -> 0
A10: 46083 | B10: =COUNTIF(Applications!$I$2:$I$500,A10) -> 0 | D10: 46266 | E10: =COUNTIF(Applications!$J$2:$J$500,D10) -> 0
A11: 46090 | B11: =COUNTIF(Applications!$I$2:$I$500,A11) -> 0 | D11: 46296 | E11: =COUNTIF(Applications!$J$2:$J$500,D11) -> 0
A12: 46097 | B12: =COUNTIF(Applications!$I$2:$I$500,A12) -> 0 | D12: 46327 | E12: =COUNTIF(Applications!$J$2:$J$500,D12) -> 0
A13: 46104 | B13: =COUNTIF(Applications!$I$2:$I$500,A13) -> 0 | D13: 46357 | E13: =COUNTIF(Applications!$J$2:$J$500,D13) -> 0
A14: 46111 | B14: =COUNTIF(Applications!$I$2:$I$500,A14) -> 0
A15: 46118 | B15: =COUNTIF(Applications!$I$2:$I$500,A15) -> 0
A16: 46125 | B16: =COUNTIF(Applications!$I$2:$I$500,A16) -> 0
A17: 46132 | B17: =COUNTIF(Applications!$I$2:$I$500,A17) -> 0
A18: 46139 | B18: =COUNTIF(Applications!$I$2:$I$500,A18) -> 0
A19: 46146 | B19: =COUNTIF(Applications!$I$2:$I$500,A19) -> 0
A20: 46153 | B20: =COUNTIF(Applications!$I$2:$I$500,A20) -> 0
A21: 46160 | B21: =COUNTIF(Applications!$I$2:$I$500,A21) -> 0
A22: 46167 | B22: =COUNTIF(Applications!$I$2:$I$500,A22) -> 0
A23: 46174 | B23: =COUNTIF(Applications!$I$2:$I$500,A23) -> 0
A24: 46181 | B24: =COUNTIF(Applications!$I$2:$I$500,A24) -> 0
A25: 46188 | B25: =COUNTIF(Applications!$I$2:$I$500,A25) -> 0
A26: 46195 | B26: =COUNTIF(Applications!$I$2:$I$500,A26) -> 0

Sheet Lists
A1: Current Status List | C1: Response Status List
A2: Applied | C2: No response yet
A3: Interview | C3: Auto-reply received
A4: Offer | C4: Human reply received
A5: Rejected | C5: Interview scheduled
A6: No Response | C6: Offer received
A7: Withdrawn | C7: Rejected
